<?xml version="1.0"?>
<!--<!DOCTYPE metadata SYSTEM "http://www.esri.com/metadata/esriprof80.dtd">-->
<metadata xml:lang="en"><Esri><CreaDate>20070219</CreaDate><CreaTime>17522200</CreaTime><SyncOnce>TRUE</SyncOnce><MetaID>{1BEEE432-CFDF-433E-9B9C-AD0406AD0F76}</MetaID></Esri><idinfo><citation><citeinfo><onlink Sync="TRUE">\\MURRAYLAPTOP\C$\Work\Publications\Papers.to.be.Published\Koppen.Map\Submitted\Supplementary Material\world_koppen</onlink></citeinfo></citation></idinfo><distInfo><distributor><distorTran><onLineSrc><linkage Sync="TRUE">file://\\MURRAYLAPTOP\C$\Work\Publications\Papers.to.be.Published\Koppen.Map\Submitted\Supplementary Material\world_koppen</linkage><protocol Sync="TRUE">Local Area Network</protocol></onLineSrc></distorTran></distributor></distInfo><dataqual><lineage><procstep><procdesc Sync="TRUE">Dataset copied.</procdesc><srcused Sync="TRUE">F:\Work\Projects\Global.Hydrology\Koppen\World\world_koppen</srcused><date Sync="TRUE">20070219</date><time Sync="TRUE">17522200</time></procstep></lineage></dataqual></metadata>
